Workbook

Sheet Resumen y KPIs
A1: EL CONECTOR - PLAN DE SEGUIMIENTO Y ARQUITECTURA BACKEND
A2: Plataforma Competitiva de Lógica Futbolística 1v1 | Panel de Control de Desarrollo
A4: Enfoque del Proyecto: | B4: Backend REST API, WebSockets 1v1, Motor de Grafos & Anticheat
A5: Versión: | B5: 1.0 (MVP Backend Focus)
A6: Última Actualización: | B6: 2026-09-21
A8: MÉTRICAS CLAVE DEL PROYECTO
A9: Total Tareas | B9: Completadas | C9: En Progreso | D9: Por Hacer | E9: Bloqueadas | F9: % Avance General
A10: =COUNTA('Seguimiento Backend'!A5:A24) | B10: =COUNTIF('Seguimiento Backend'!F5:F24, "Completado") | C10: =COUNTIF('Seguimiento Backend'!F5:F24, "En Progreso") + COUNTIF('Seguimiento Backend'!F5:F24, "En Review") | D10: =COUNTIF('Seguimiento Backend'!F5:F24, "Por Hacer") | E10: =COUNTIF('Seguimiento Backend'!F5:F24, "Bloqueado") | F10: =B10/A10
A12: ESTIMACIÓN DE ESFUERZO (HORAS DE DESARROLLO)
A13: Total Horas Estimadas: | B13: =SUM('Seguimiento Backend'!I5:I24)
A14: Días Estimados (8h/día): | B14: =B13/8
A16: DESGLOSE POR MÓDULO BACKEND
A17: Módulo / Épica | B17: Total Tareas | C17: Horas Estimadas | D17: % del Esfuerzo
A18: 1. Configuración & Arquitectura Base | B18: =COUNTIF('Seguimiento Backend'!B$5:B$24, "*Configuración & Arquitectura Base*") | C18: =SUMIF('Seguimiento Backend'!B$5:B$24, "*Configuración & Arquitectura Base*", 'Seguimiento Backend'!I$5:I$24) | D18: =C18/B$13
A19: 2. Base de Datos & Grafo Relacional | B19: =COUNTIF('Seguimiento Backend'!B$5:B$24, "*Base de Datos & Grafo Relacional*") | C19: =SUMIF('Seguimiento Backend'!B$5:B$24, "*Base de Datos & Grafo Relacional*", 'Seguimiento Backend'!I$5:I$24) | D19: =C19/B$13
A20: 3. Motor de Lógica Futbolística (Core) | B20: =COUNTIF('Seguimiento Backend'!B$5:B$24, "*Motor de Lógica Futbolística (Core)*") | C20: =SUMIF('Seguimiento Backend'!B$5:B$24, "*Motor de Lógica Futbolística (Core)*", 'Seguimiento Backend'!I$5:I$24) | D20: =C20/B$13
A21: 4. Autenticación & Usuarios | B21: =COUNTIF('Seguimiento Backend'!B$5:B$24, "*Autenticación & Usuarios*") | C21: =SUMIF('Seguimiento Backend'!B$5:B$24, "*Autenticación & Usuarios*", 'Seguimiento Backend'!I$5:I$24) | D21: =C21/B$13
A22: 5. Elo Rating & Matchmaking | B22: =COUNTIF('Seguimiento Backend'!B$5:B$24, "*Elo Rating & Matchmaking*") | C22: =SUMIF('Seguimiento Backend'!B$5:B$24, "*Elo Rating & Matchmaking*", 'Seguimiento Backend'!I$5:I$24) | D22: =C22/B$13
A23: 6. WebSockets & Sincronización 1v1 | B23: =COUNTIF('Seguimiento Backend'!B$5:B$24, "*WebSockets & Sincronización 1v1*") | C23: =SUMIF('Seguimiento Backend'!B$5:B$24, "*WebSockets & Sincronización 1v1*", 'Seguimiento Backend'!I$5:I$24) | D23: =C23/B$13
A24: 7. Anticheat & Seguridad | B24: =COUNTIF('Seguimiento Backend'!B$5:B$24, "*Anticheat & Seguridad*") | C24: =SUMIF('Seguimiento Backend'!B$5:B$24, "*Anticheat & Seguridad*", 'Seguimiento Backend'!I$5:I$24) | D24: =C24/B$13
A25: 8. Modo Entrenamiento & Admin API | B25: =COUNTIF('Seguimiento Backend'!B$5:B$24, "*Modo Entrenamiento & Admin API*") | C25: =SUMIF('Seguimiento Backend'!B$5:B$24, "*Modo Entrenamiento & Admin API*", 'Seguimiento Backend'!I$5:I$24) | D25: =C25/B$13
A26: TOTAL BACKEND MVP | B26: =SUM(B18:B25) | C26: =SUM(C18:C25) | D26: =SUM(D18:D25)

Sheet Seguimiento Backend
A1: SEGUIMIENTO DETALLADO DE TAREAS - BACKEND & LÓGICA PRINCIPAL
A2: Cada tarea cuenta con su rama de Git asignada, estándar de commit y horas estimadas.
A4: ID | B4: Módulo / Épica | C4: Tarea | D4: Descripción & Criterios de Aceptación | E4: Prioridad | F4: Estado | G4: Rama Git Asignada | H4: Ejemplo de Commit (Conventional) | I4: Est. (Hrs) | J4: Dependencias | K4: Asignado | L4: Fecha Inicio | M4: Fecha Fin | N4: Notas / Observaciones
A5: BE-01 | B5: 1. Configuración & Arquitectura Base | C5: Setup de Entorno Backend | D5: Inicializar proyecto en Node.js/TypeScript (o Python/FastAPI), Dockerfile, Docker Compose, ESLint, Prettier y estructura de carpetas limpia. | E5: Alta | F5: Por Hacer | G5: feature/be-setup-architecture | H5: chore(setup): initialize project structure, docker and linting rules | I5: 8 | J5: Ninguna | K5: Backend Dev | L5: 2026-09-22 | M5: 2026-09-23 | N5: Base del repositorio backend
A6: BE-02 | B6: 1. Configuración & Arquitectura Base | C6: Configuración PostgreSQL & ORM | D6: Configurar conexión a PostgreSQL, ORM (Prisma/TypeORM/SQLAlchemy) y scripts de migración automatizada. | E6: Alta | F6: Por Hacer | G6: feature/be-db-config-postgres | H6: feat(db): set up postgresql connection, ORM config and migration scripts | I6: 12 | J6: BE-01 | K6: Backend Dev | L6: 2026-09-23 | M6: 2026-09-24 | N6: Base de persistencia de datos
A7: BE-03 | B7: 2. Base de Datos & Grafo Relacional | C7: Esquema de Grafo Futbolístico | D7: Diseñar e implementar tablas de Entidades (Jugadores, Clubes, Entrenadores, Torneos) y Relaciones (Compañeros, Traspasos, Dirigidos). | E7: Alta | F7: Por Hacer | G7: feature/be-db-schema-graph | H7: feat(db): define relational graph models for football entities and links | I7: 16 | J7: BE-02 | K7: DBA / BE Dev | L7: 2026-09-25 | M7: 2026-09-27 | N7: Modelo relacional estructurado para grafos
A8: BE-04 | B8: 2. Base de Datos & Grafo Relacional | C8: Seeders de Nodos y Relaciones | D8: Crear scripts de carga masiva de datos (seeders) con jugadores, clubes emblemáticos y sus interconexiones de prueba. | E8: Media | F8: Por Hacer | G8: feature/be-db-seeders-graph | H8: feat(db): add seeders for initial football graph nodes and connections | I8: 12 | J8: BE-03 | K8: DBA / BE Dev | L8: 2026-09-28 | M8: 2026-09-29 | N8: Datos iniciales para pruebas del Core Loop
A9: BE-05 | B9: 2. Base de Datos & Grafo Relacional | C9: API CRUD para Entidades del Grafo | D9: Desarrollar servicios y endpoints para consultar, insertar y actualizar nodos futbolísticos y sus relaciones. | E9: Media | F9: Por Hacer | G9: feature/be-api-graph-crud | H9: feat(graph): build CRUD API endpoints for managing football entities | I9: 14 | J9: BE-03 | K9: Backend Dev | L9: 2026-09-30 | M9: 2026-10-01 | N9: Interconexión con panel admin
A10: BE-06 | B10: 3. Motor de Lógica Futbolística (Core) | C10: Algoritmo Pathfinder (BFS/Shortest Path) | D10: Implementar algoritmo en servidor para calcular la ruta más corta entre dos entidades futbolísticas cualesquiera en el grafo. | E10: Alta | F10: Por Hacer | G10: feature/be-core-pathfinder-algo | H10: feat(graph): implement BFS algorithm for finding shortest paths between nodes | I10: 20 | J10: BE-03, BE-04 | K10: Lead BE / Algo Dev | L10: 2026-10-02 | M10: 2026-10-04 | N10: Núcleo del enigma de asociación
A11: BE-07 | B11: 3. Motor de Lógica Futbolística (Core) | C11: Validador de Conexiones Paso a Paso | D11: Servidor valida con autoridad si la entidad B seleccionada es un conector válido (compañero/entrenador/traspaso) del nodo A. | E11: Alta | F11: Por Hacer | G11: feature/be-core-node-validator | H11: feat(gameplay): validate step-by-step entity connection authority on server | I11: 16 | J11: BE-06 | K11: Backend Dev | L11: 2026-10-05 | M11: 2026-10-06 | N11: Garantiza lógica libre de manipulaciones
A12: BE-08 | B12: 3. Motor de Lógica Futbolística (Core) | C12: Generador Dinámico de Enigmas | D12: Algoritmo que selecciona pares de nodos origen/destino balanceados (distancia óptima de 3-5 pasos) sin patrones repetitivos. | E12: Alta | F12: Por Hacer | G12: feature/be-core-puzzle-generator | H12: feat(gameplay): implement dynamic match puzzle pair generator | I12: 14 | J12: BE-06 | K12: Backend Dev | L12: 2026-10-07 | M12: 2026-10-08 | N12: Genera el enigma dinámico de cada ronda
A13: BE-09 | B13: 4. Autenticación & Usuarios | C13: Auth REST API (JWT & Hashing) | D13: Endpoints de registro, login, refresh token, hashing de contraseñas con bcrypt y middleware de autenticación. | E13: Alta | F13: Por Hacer | G13: feature/be-auth-jwt | H13: feat(auth): implement registration, JWT authentication and security middleware | I13: 12 | J13: BE-02 | K13: Backend Dev | L13: 2026-10-09 | M13: 2026-10-10 | N13: Seguridad de usuarios
A14: BE-10 | B14: 4. Autenticación & Usuarios | C14: API de Perfil & Histórico de Stats | D14: Endpoints para consultar perfil público, rating Elo actual, partidas jugadas, victorias, % éxito y gráfico de evolución. | E14: Media | F14: Por Hacer | G14: feature/be-user-profile-stats | H14: feat(user): build profile endpoints with player stats and Elo history | I14: 10 | J14: BE-09 | K14: Backend Dev | L14: 2026-10-11 | M14: 2026-10-12 | N14: Métricas del jugador
A15: BE-11 | B15: 5. Elo Rating & Matchmaking | C15: Motor de Cálculo de Rating Elo | D15: Servicio de cálculo matemático de variación de Elo post-partida basado en expectativa y resultado final. | E15: Alta | F15: Por Hacer | G15: feature/be-elo-calculation-engine | H15: feat(elo): implement Elo rating adjustment engine for match outcomes | I15: 12 | J15: BE-09 | K15: Backend Dev | L15: 2026-10-13 | M15: 2026-10-14 | N15: Actualización inmediata del rating público
A16: BE-12 | B16: 5. Elo Rating & Matchmaking | C16: Sistema de Colas & Matchmaking 1v1 | D16: Lógica de emparejamiento por rangos de Elo con ventanas de tolerancia expandibles según tiempo de espera. | E16: Alta | F16: Por Hacer | G16: feature/be-matchmaking-queue | H16: feat(matchmaking): create matchmaking queue with Elo range expansion | I16: 18 | J16: BE-11 | K16: Backend Dev | L16: 2026-10-15 | M16: 2026-10-17 | N16: Garantiza liquidez y rivales justos
... A24: BE-20 | B24: 8. Modo Entrenamiento & Admin API | C24: API REST para Panel Administrativo | D24: Endpoints protegidos para que administradores puedan revisar, agregar o corregir conexiones entre nodos del grafo. | E24: Media | F24: Por Hacer | G24: feature/be-admin-panel-graph-api | H24: feat(admin): build protected REST endpoints for graph node curation | I24: 12 | J24: BE-05, BE-09 | K24: Backend Dev | L24: 2026-11-04 | M24: 2026-11-05 | N24: Panel de gestión sin modificar código

Sheet Estándar Git y Commits
A1: ESTÁNDAR DE TRABAJO EN GIT & CONVENTIONAL COMMITS
A2: Normas obligatorias para el flujo de trabajo, nombrado de ramas y mensajes de commit.
A4: 1. ESTRATEGIA DE RAMAS (GIT FLOW REVOLUCIONADO)
A5: Tipo de Rama | B5: Nomenclatura | C5: Descripción / Propósito | D5: Rama Base | E5: Merge Hacia
A6: Producción | B6: main | C6: Código estable desplegado en producción. | D6: - | E6: -
A7: Desarrollo | B7: develop | C7: Rama principal de integración de características MVP. | D7: main | E7: main
A8: Feature | B8: feature/be-<modulo>-<nombre> | C8: Desarrollo de una tarea o funcionalidad backend. | D8: develop | E8: develop
A9: Bugfix | B9: fix/be-<modulo>-<nombre> | C9: Corrección de un error encontrado durante pruebas. | D9: develop | E9: develop
A10: Hotfix | B10: hotfix/<descripcion> | C10: Corrección urgente de un error crítico en producción. | D10: main | E10: main y develop
A12: 2. ESTÁNDAR DE COMMITS (CONVENTIONAL COMMITS v1.0.0)
A13: Estructura Genérica: | B13: <tipo>(<alcance>): <descripción corta en presente o imperativo>
A15: Tipo (Prefix) | B15: Alcance (Scope) | C15: Cuándo Usar | D15: Ejemplo Práctico para El Conector
A16: feat | B16: auth, db, graph, elo, ws | C16: Nueva funcionalidad agregada al sistema. | D16: feat(elo): implement rating calculation engine for match result
A17: fix | B17: ws, anticheat, graph, auth | C17: Corrección de un fallo o bug detectado. | D17: fix(ws): fix chess clock timer drift on client reconnection
A18: refactor | B18: core, algo, db, services | C18: Cambio en código que no agrega función ni corrige bug. | D18: refactor(graph): optimize BFS queue performance for large node graphs
A19: chore | B19: setup, deps, docker, ci | C19: Tareas de mantenimiento, dependencias o configuración. | D19: chore(deps): upgrade openpyxl and add Docker script
A20: docs | B20: readme, api, swagger | C20: Cambios exclusivos en documentación. | D20: docs(api): add OpenAPI spec for backend auth and leaderboard
A21: test | B21: unit, integration, e2e | C21: Adición o modificación de pruebas unitarias o de integración. | D21: test(elo): add unit tests for Elo calculation boundary conditions
